Ano_MÃªs,T,carga,M,log_carga,lcg_1st_diff,PIB_constantes,log_PIBc,lPIBc_1diff,PRECIPITACAO,RAD_GLOBAL,TEMP_AR,VELOC_VENTO,PREC_ldiff,RAD__ldiff,TEMP_ldiff,VELO_ldiff
2000-05-01,0,40408.382258052756,M05,10.606792524062874,0.004798479847899273,6163.657476775547,8.726425626559811,0.07787274050250481,0.04361754385964912,708.8172982456141,22.749734210526317,1.569516666666667,0.0,0.0,0.0,0.0
2000-06-01,1,40544.964444432364,M06,10.610166870437402,0.0033743463745281588,6391.592025246332,8.762738659571598,0.0363130330117869,0.023425925925925916,699.2725477227929,22.539825708061002,1.909051379811184,-0.621616096925719,-0.01355722682354532,-0.009269686254813614,0.1958387425608762
2000-07-01,2,39964.849905900955,M07,10.595755594414406,-0.014411276022995523,6348.480569709619,8.755970782893934,-0.0067678766776637644,0.08261648745519712,638.1345254791959,21.51164095371669,2.0587424029920527,1.2603659120060833,-0.09149146104252193,-0.04668954770433098,0.07548885349833157
2000-08-01,3,41074.00107525646,M08,10.623130623078556,0.027375028664149426,6379.786608112289,8.760889928775129,0.004919145881194353,0.07078651685393257,741.6596441947565,23.13815543071161,2.077949438202247,-0.15454072395594487,0.1503413212848841,0.07288877682007167,0.009286248032462252
2000-09-01,4,41075.071541654834,M09,10.623156684636267,2.606155771189833e-05,6058.319743914961,8.709187770635902,-0.05170215813922674,0.1648441942972097,775.8396202052583,22.8917642173243,2.1651166851256396,0.8453322081561183,0.04505538644382323,-0.010705800426928036,0.041092695705755355
2000-10-01,5,42566.8864199063,M10,10.658831915905514,0.035675231269246765,6449.247746253807,8.771718774500405,0.06253100386450328,0.1568770160374358,805.152215223557,23.733549040414857,2.132996161010404,-0.04953858976547987,0.03708552294828227,0.036112413781119734,-0.01494661645404316
2000-11-01,6,41862.386236098944,M11,10.642142999537679,-0.016688916367835205,6474.301931263378,8.775596070912346,0.0038772964119413444,0.21699999999999997,813.5568802690158,23.844869281045753,2.032999455337691,0.324435192502337,0.010384497865745246,0.004679451217261654,-0.048015372944456236
2000-12-01,7,41569.58434138551,M12,10.635124033192255,-0.0070189663454236495,6329.663758513673,8.753002395009153,-0.0225936759031935,0.1285727014804331,861.4386598768132,25.1651243228689,1.9157652855955352,-0.5234028389171024,0.057188007253321516,0.05389001081753397,-0.05939509698967649
2001-01-01,8,42464.37641127697,M01,10.656420801337113,0.02129676814485748,6084.221957168033,8.713454134825502,-0.03954826018365054,0.1972640624467189,904.9603100900067,25.423929600855043,1.887610429128459,0.4280487350669824,0.04928723458695217,0.010231760262189304,-0.014805463817683995
2001-02-01,9,43761.60212796314,M02,10.686512048125012,0.030091246787899095,6001.671144704597,8.699793233546984,-0.013660901278518267,0.14275132275132274,909.4313085063085,25.763651811151814,1.9913532763532762,-0.32343913498823507,0.0049283819657537364,0.013273813256993616,0.05350274005538114
2001-03-01,10,44272.108024180496,M03,10.698110142035036,0.011598093910023977,6364.89615533798,8.758553195907588,0.05875996236060388,0.25079178885630493,759.0780682181675,25.15245115769789,1.7640884549126228,0.5635189537133054,-0.18071483966615798,-0.02400930070865659,-0.1211803451478699
2001-04-01,11,42889.14169443142,M04,10.666373965523125,-0.031736176511911296,6269.239511151777,8.743410336183294,-0.01514285972429441,0.20788590604026844,703.4433104756347,24.173321661316994,1.714794767046007,-0.18763366786352598,-0.07611733760032902,-0.039705738963727644,-0.028340696739670213
2001-05-01,12,40287.073642460215,M05,10.603785943193607,-0.06258802232951766,6444.076145220642,8.770916560679664,0.027506224496370635,0.164791926861483,599.7065028366419,22.929265911070743,1.6984361946532998,-0.23230577176744016,-0.15954691758485762,-0.052835532359224224,-0.009585461886223334
2001-06-01,13,34016.4728333194,M06,10.434600181366074,-0.1691857618275332,6045.472350230414,8.707064898992133,-0.06385166168753109,0.1770172929463246,564.3112447286765,21.77361683129454,1.6882985936591768,0.07156379927874656,-0.06083442195913147,-0.05171508224226962,-0.005986669701392278
2001-07-01,14,32944.63466396579,M07,10.4025836940154,-0.03201648735067408,6310.077651871222,8.749903261619796,0.04283836262766272,0.1984235922646854,580.0073692176501,21.166600037226065,1.9100117405572892,0.11415667234245874,0.0274348573680685,-0.028274530392148556,0.12338811641987002
2001-08-01,15,33809.900094072866,M08,10.428508940775142,0.025925246759742393,6390.941361339407,8.762636854414856,0.012733592795060034,0.06869096483754535,697.0265207613551,22.99840546495234,1.9953660558739437,-1.0607864260192934,0.18378265090204238,0.08300041653711743,0.04371813123553592
2001-09-01,16,33896.12436109762,M09,10.43105596120153,0.0025470204263875473,6117.37163181235,8.718887811330804,-0.04374904308405192,0.15054943323306888,728.5757578176315,23.021887434747292,2.1067223149595673,0.7846738158917828,0.044268151832616454,0.0010205051012621702,0.05430581430687076
2001-10-01,17,34598.17767024221,M10,10.451556291168673,0.02050032996714357,6475.11736042194,8.77572201156517,0.05683420023436625,0.19365241454576243,792.7180105057638,24.14662545108504,2.050973578218423,0.2517733842119776,0.08437594829929207,0.04769924644433443,-0.026818737853268826
2001-11-01,18,35277.15630554155,M11,10.47099090328766,0.019434612118987005,6488.584072744887,8.77779961528605,0.002077603720879395,0.18067502305597619,824.0455174728945,24.55164867730429,1.9029332610578666,-0.06936490971086107,0.038758207994015414,0.01663437042330651,-0.07491807930311112
2001-12-01,19,34961.821747298614,M12,10.462011937888326,-0.008978965399334626,6175.1010818489785,8.728280530892398,-0.04951908439365127,0.21457662320743293,870.8595873070685,24.78703943646509,1.9803981260213332,0.17196692755201637,0.05525498721893385,0.00954190531384258,0.03990138092766904
2002-01-01,20,36498.985940844876,M01,10.505039756742038,0.04302781885371232,6075.035950221108,8.71194318592311,-0.016337344969288736,0.4053732088204846,901.4080214443808,25.145984627992323,2.058747947333787,0.6361412537122512,0.03447725383591749,0.014377313662689684,0.038800107222328406
2002-02-01,21,37693.35377974628,M02,10.537239065580364,0.03219930883832589,6007.895403420084,8.700829783741838,-0.011113402181271326,0.1862274586679728,845.7524108396971,24.821582878619203,1.9090549729945836,-0.7778393233942985,-0.06373135089881554,-0.012984674797710483,-0.07548966438592253
2002-03-01,22,39947.43998654339,M03,10.59531986870422,0.05808080312385577,6344.084927236598,8.755278150242196,0.05444836650035789,0.1769335744767075,834.5207356939807,25.77523642994956,1.9689158425818045,-0.05119444595493028,-0.01336906735272958,0.03770065063806083,0.03087471646751483
2002-04-01,23,40740.754143036305,M04,10.614984200729653,0.019664332025433495,6404.493246298631,8.764755092746258,0.009476942504061725,0.17100192878374484,738.5984812729151,23.550627406967873,1.7870805334411368,-0.03409954081814193,-0.12210314464639804,-0.0902617411085136,-0.09689975610474377
2002-05-01,24,39148.825520145365,M05,10.575125701483524,-0.0398584992461295,6567.051132135643,8.789820172385062,0.025065079638803667,0.1876131356624847,630.3127684381203,22.117844406003517,1.7150859557759843,0.09270721776755964,-0.1585382921628531,-0.06276773968665061,-0.041120102093216815
2002-06-01,25,38876.333191761114,M06,10.568140943215328,-0.00698475826819589,6520.45560204556,8.782699530093721,-0.007120642291340573,0.10880173007074147,586.5867801127863,20.657259599415838,1.8046259753065863,-0.5448548179628034,-0.07189553419966455,-0.06831790982834862,0.05089015506810057
2002-07-01,26,38667.54867202699,M07,10.562755991643694,-0.005384951571633323,6625.57647611835,8.798692662331963,0.015993132238241614,0.10282263117889238,575.9798019926224,18.468505009122687,1.8872829238947493,-0.05652175923418712,-0.018248025733744733,-0.1119999627164816,0.04478483390309085
2002-08-01,27,39823.98309245742,M08,10.59222460005067,0.02946860840697596,6617.926384688679,8.797537364921455,-0.001155297410507572,0.10001441401218604,702.5181979455596,21.375547420355037,2.283720564118894,-0.027691160723958053,0.19859871132518858,0.14618077544299002,0.1906677510331809
2002-09-01,28,39560.01238887292,M09,10.585574098903257,-0.006650501147413834,6426.7159694938755,8.768218951068745,-0.02931841385271028,0.13857806628124444,751.5090399296986,21.678501091386114,2.2237655768956,0.32611950657080757,0.0674119328806917,0.014073411526226653,-0.026603974591704493
2002-10-01,29,42285.92360060856,M10,10.652209534253025,0.06663543534976846,6731.256194001173,8.81451706109015,0.04629811002140549,0.14351181924033282,810.1205577572207,24.20260953734976,2.2219461914093865,0.0349835735585049,0.07509983502679063,0.11013942314094649,-0.0008184901237887621
2002-11-01,30,41677.85881778735,M11,10.63772530317358,-0.014484231079444854,6649.513879379488,8.802299030132714,-0.012218030957436454,0.15765395366701893,901.975589318892,24.549041361233392,2.1755160572679313,0.09398506858773059,0.10740438352834669,0.014212345584788455,-0.02111757053030472
2002-12-01,31,40974.66995966202,M12,10.620709348903862,-0.017015954269718137,6202.050505483412,8.732635243046039,-0.0696637870866752,0.40218060797525473,1188.4277446785886,24.954035631541853,2.0780231804324054,0.9364987968563482,0.27579903270474837,0.016362752820945126,-0.04584885632691604
2003-01-01,32,41487.33971772605,M01,10.633143592633628,0.012434243729765981,5910.174548293553,8.684430644362244,-0.04820459868379423,0.290593829062162,1932.7886520744594,25.566003982081945,2.1212173000209593,-0.32497474554661754,0.486332646925149,0.02422794162595876,0.020573074238756983
2003-02-01,33,43509.63114581768,M02,10.680737598221143,0.04759400558751459,6017.313558623343,8.702396185982114,0.017965541619869185,0.3153920241306365,2949.044520697975,25.295994323276727,1.9012608511263258,0.081889870351334,0.4225173690939812,-0.010617443447561659,-0.1094728500789981
2003-03-01,34,42016.36908600585,M03,10.64581456147954,-0.03492303674160269,6266.599493034877,8.742989140895917,0.040592954913803325,0.31238257744839965,3295.484964189928,24.58452203740169,1.8679841568082207,-0.009587739702069387,0.11107211237372372,-0.0285289966086002,-0.017657413534717614
2003-04-01,35,41802.23229720711,M04,10.640705021326296,-0.005109540153243941,6301.531837893489,8.74854803169571,0.005558890799793659,0.2354124399884534,3166.1716800364757,23.779213814510204,1.855112221480532,-0.28288960679878405,-0.04003015281948663,-0.033305229516427115,-0.006914667420087617
2003-05-01,36,40718.72696638221,M05,10.614443387631141,-0.026261633695154885,6161.108953537635,8.726012065249964,-0.02253596644574607,0.15750502926009405,3141.498004679168,22.111904272372094,1.9570074618826656,-0.40188165003401766,-0.007823428441447788,-0.07269571157044963,0.053471310341215994
2003-06-01,37,40495.57708192915,M06,10.608948039277417,-0.005495348353724339,6093.60758822906,8.714995564336302,-0.011016500913662242,0.10502596985124585,3526.0986055575536,21.87056380349676,1.9441671917828174,-0.4052497380733451,0.11549229114747916,-0.010974504236680449,-0.006582794982141427
2003-07-01,38,40495.084999985025,M07,10.608935887705089,-1.2151572327923077e-05,6443.2810851611375,8.770793174628313,0.0557976102920108,0.09990769343828594,3669.266523584809,20.946455440687455,2.266184054173616,-0.04996095740911777,0.039799735899439526,-0.043172173444668616,0.15326367722388212
2003-08-01,39,40564.84157256507,M08,10.610656999301142,0.0017211115960531487,6380.974201934303,8.7610760609099,-0.009717113718412662,0.08851261037773367,3920.523651680449,21.412513817436608,2.3769091420191546,-0.12110166207652551,0.0662334447345998,0.022006068269340595,0.04770358027653576
2003-09-01,40,41835.13855554034,M09,10.641491900676893,0.0308349013757514,6492.544227676386,8.778409755631744,0.01733369472184343,0.10995643641242805,3949.175431870933,22.75426964915911,2.5173283014618173,0.21693922272948818,0.007281576203236995,0.060777295726258895,0.05739717743941397
2003-10-01,41,42772.02388962187,M10,10.663639520410523,0.02214761973363011,6744.471241750396,8.816478372944887,0.038068617313143704,0.1432645117599296,3830.71334973408,23.8372824617923,2.570312270034132,0.264608399461711,-0.030455766652480065,0.04649804032911353,0.02082925609229358
2003-11-01,42,42935.837645818945,M11,10.667462132542894,0.003822612132371006,6664.023803121124,8.804478755737227,-0.011999617207660407,0.19181594735573196,4219.225550172731,24.448562439428116,2.52457157523813,0.2918436505493094,0.09660055324598993,0.02532057325583814,-0.017956022217563317
2003-12-01,43,42711.94720428672,M12,10.66223395409307,-0.005228178449824483,6635.004723838776,8.80011465872367,-0.004364097013557,0.25147899065768914,3676.5956908734297,24.944113521426257,2.574627143322892,0.27082314515060624,-0.13766435226507312,0.02006644509754807,0.01963334976361375
2004-01-01,44,42323.95463439449,M01,10.653108508158684,-0.009125445934385468,6184.933704706774,8.729871566047521,-0.07024309267614903,0.36076966822626894,2981.507409910332,24.85206046060152,2.438663282601198,0.36088026664741046,-0.20955822515073663,-0.003697198331589213,-0.05425467073261814
2004-02-01,45,42983.237499984585,M02,10.668565493092201,0.015456984933516438,6088.557315706255,8.714166438667434,-0.015705127380087447,0.3979908196844606,2965.698344596184,24.2665815839838,2.134666862309624,0.09818922235342864,-0.005316480782271427,-0.02384050465101062,-0.13313945607247057
2004-03-01,46,44282.848710212755,M03,10.698352718768874,0.02978722567667269,6668.623080313252,8.805168682863442,0.09100224419600877,0.2997012174263431,2682.619381520358,24.362207295783094,2.1184771553252526,-0.28364290243463763,-0.10031883573066569,0.003932889848201615,-0.007613090510127041
2004-04-01,47,43878.8474583185,M04,10.689187648281191,-0.00916507048768267,6624.120569082015,8.798472897753612,-0.006695785109830155,0.24750777696907653,2656.7722555064315,23.914962011692744,2.0483072338363666,-0.1913440328519671,-0.009681750158764046,-0.018528761563047613,-0.03368379515901043
2004-05-01,48,42725.22049729706,M05,10.662544668820026,-0.02664297946116534,6704.705096031375,8.810564812053713,0.01209191430010037,0.15281281394617044,2975.1014996990552,21.865727853920863,2.0808514587176568,-0.4822282694918123,0.11316620775916597,-0.08958381580847696,0.015763452655412458
2004-06-01,49,42630.420338873984,M06,10.660323369876584,-0.002221298943441141,6915.768780324578,8.84155941367122,0.030994601617507556,0.12944524276190641,2796.9152494455716,21.365619687338587,2.0687855900246337,-0.165955778216621,-0.06176104272074667,-0.02313739938517889,-0.005815401470443793
2004-07-01,50,42758.203003749084,M07,10.663316339086327,0.0029929692097425686,7115.992940932212,8.870100056785825,0.02854064311460469,0.1213617376113119,2964.361039396852,20.704435140825005,2.309408495518689,-0.06448230314057302,0.05814439493865198,-0.031435138133145024,0.11002966556552851
2004-08-01,51,43527.161426061146,M08,10.681140422818936,0.017824083732609353,6990.025988621199,8.852239553192504,-0.017860503593320587,0.0774636739703441,3349.044687946785,21.980722953197624,2.329167109237112,-0.44896654925230095,0.1220136292124252,0.059817904512605935,0.008519310627376653
2004-09-01,52,45141.18473054127,M09,10.717550295719212,0.03640987290027553,6793.536545124567,8.823726931075031,-0.028512622117473185,0.08376234293671135,3325.5679646499066,23.700518241817207,2.669048456777759,0.07817443468379315,-0.007034661435421086,0.07533107480052426,0.13621128583781383
2004-10-01,53,44462.061868265904,M10,10.702391562247314,-0.01515873347189789,7022.239882726929,8.856837517740857,0.03311058666582589,0.1155262806049269,3073.910868607949,23.97738133900097,2.699669620003606,0.3215145035892193,-0.07868982650828116,0.011614027114532188,0.011407376898438737
2004-11-01,54,45178.74756883179,M11,10.718382068717705,0.015990506470391352,7253.229529232825,8.88920210097227,0.03236458323141278,0.1683209249149371,3124.674798440376,24.532696696998638,2.596691510208165,0.3763743827296091,0.01637956382606731,0.022895845119532687,-0.038891263918657604
2004-12-01,55,44903.608965040126,M12,10.712273448340758,-0.006108620376947371,7254.008836715863,8.889309538027364,0.00010743705509419499,0.186272167512997,3024.9401096014794,25.007812433322258,2.31239996599946,0.10133644586766266,-0.03243892046623742,0.019181486504550982,-0.11595220712042853
2005-01-01,56,45325.558145147326,M01,10.721626349836196,0.009352901495438104,6609.790599827824,8.796307253044057,-0.09300228498330654,0.2703412095028727,2471.28955038881,25.397052455656183,2.188956487047535,0.3724760296706717,-0.2021511932294695,0.01544484885386721,-0.05486099118423693
2005-02-01,57,46018.98766367631,M02,10.736809365600257,0.01518301576406067,6466.604965594946,8.774406514934947,-0.021900738109110307,0.23134087571328044,2562.732514049007,25.163046270918137,2.118167398741327,-0.15579262479691303,0.03633397795952131,-0.00925662178405684,-0.03287366004943748
2005-03-01,58,47320.389838695366,M03,10.764696556407825,0.02788719080756863,7009.6634761349305,8.8550449726188,0.08063845768385214,0.24822854961181226,2341.7783796255503,24.84743208606759,1.9739998094868783,0.07045761753940472,-0.09016344552257927,-0.012622089827491134,-0.0704894357888588
2005-04-01,59,47087.695458318725,M04,10.759767002951463,-0.004929553456362257,7014.15665750865,8.855685765424846,0.0006407928060472301,0.15640987268553358,2049.7680354470735,23.876210476462447,1.9386808643878426,-0.4618699420877521,-0.13318399870790287,-0.039871824959911706,-0.01805406951751276
2005-05-01,60,44830.26526880289,M05,10.710638754348192,-0.04912824860327092,6977.8944057868475,8.850502489185512,-0.0051832762393342335,0.18117508912896596,1803.8641854362236,22.82000141652297,2.0901098651874497,0.14698395623806015,-0.1277954997360844,-0.045245179158699855,0.07520885668788824
2005-06-01,61,44835.330605540905,M06,10.710751737186126,0.00011298283793337305,7118.808296272974,8.870495616278447,0.01999312709293477,0.12700120422859637,1751.9951738141322,22.031902322505083,2.207569277348144,-0.35526733841624036,-0.02917589573334034,-0.035145897968702045,0.05467540405026272
2005-07-01,62,43777.35172041569,M07,10.686871878621725,-0.02387985856440089,7242.262930525721,8.887688996008107,0.017193379729659952,0.0713478104713583,2096.7588874347025,20.600713649716447,2.3928517721703035,-0.5766299122334395,0.17963752770690622,-0.06716579015338242,0.08059382902638468
2005-08-01,63,45493.64323251296,M08,10.725327886003267,0.038456007381542534,7367.098667799784,8.904779239806073,0.01709024379796631,0.08154355779538307,2173.5464203057163,22.572890612004933,2.57785350315661,0.13357067266045686,0.035967363072166414,0.09142393743790445,0.07447121238201748
2005-09-01,64,45409.41873193207,M09,10.723474823568143,-0.0018530624351242864,7131.8420566732275,8.872324833010557,-0.03245440679551592,0.1262699280607718,2252.5587618560835,22.62803051703292,2.7342491671257587,0.4372845727694257,0.0357066689373946,0.0024397702968119717,0.05889979349609942
2005-10-01,65,46422.10772811603,M10,10.745531084401158,0.022056260833014818,7389.297055342684,8.907787888354717,0.0354630553441595,0.14580236319625894,3250.506961535816,24.525900844544182,2.5890731184006706,0.14383012619733293,0.36674417478705035,0.08054031034028464,-0.05455692830765757
2005-11-01,66,46102.8355902648,M11,10.738629736643318,-0.00690134775783946,7567.626891474523,8.931634808706997,0.02384692035228042,0.20574088484163514,4083.57147374816,24.460254289785894,2.565925302554499,0.3443655085471986,0.22816099438204063,-0.0026802101073695184,-0.00898078700983751
2005-12-01,67,45988.52963170886,M12,10.736147288544482,-0.002482448098836798,7680.074293342621,8.94638449970725,0.014749691000252696,0.2557464587616408,3424.9772706807635,24.306425697354815,2.334490378792108,0.21756902178203186,-0.17587713132908434,-0.00630877897278781,-0.09452554120151513
2006-01-01,68,47700.08028224587,M01,10.772688359940968,0.03654107139648666,7153.147249409251,8.875307713582123,-0.07107678612512736,0.19148125949718778,3575.9526189445314,25.385990998329405,2.212598707639606,-0.2893966160531203,0.0431367720930389,0.043456738993561395,-0.05362590357899799
2006-02-01,69,48736.269669630274,M02,10.794178788953346,0.021490429012377632,6864.33038221019,8.83409377261584,-0.041213940966281726,0.22753955327721723,3485.890473933549,25.28091724973714,2.0551657680546533,0.1725341416397519,-0.02550807972056468,-0.004147634140555745,-0.07381120011229059
2006-03-01,70,49346.09255375082,M03,10.806613863484733,0.012435074531387258,7296.188189447521,8.895107324931324,0.06101355231548311,0.2771681719354499,3112.5627804967626,24.68330713916085,1.9062275891138578,0.1973003570275531,-0.11327709573892264,-0.023922661397185685,-0.07523030564087874
2006-04-01,71,46634.08702776508,M04,10.750087033994209,-0.05652682949052412,7088.507407222953,8.866230076520525,-0.028877248410799083,0.2109668773529437,2624.6897169928034,23.198037349465967,1.7877050102484593,-0.2729232990821788,-0.17048374602143657,-0.06205951274829813,-0.06419352471644157
2006-05-01,72,46027.62205486421,M05,10.736996974709156,-0.013090059285053357,7570.716384561231,8.932042976638359,0.0658129001178338,0.10449373269785403,2628.107568299999,21.10652670178782,1.8558075439120725,-0.7025740463604531,0.001301345398997178,-0.09448536307662314,0.03738725491692163
2006-06-01,73,46061.24065276492,M06,10.737727108590837,0.0007301338816816383,7621.8733847655885,8.938777469483389,0.00673449284503036,0.08733632664305725,2485.476070783875,21.224230745971276,2.271690864941316,-0.17936060637867524,-0.055799812425548545,0.005561173701080335,0.20220449366100868
2006-07-01,74,46188.28432794465,M07,10.740481458936246,0.002754350345409051,7915.738587688166,8.97660828289372,0.03783081341033068,0.05726866084701852,2721.5864634139407,21.567160626193697,2.1730163454479205,-0.4220129460617441,0.09075074990663712,0.016028327706097745,-0.04440820532421674
2006-08-01,75,47688.15397848363,M08,10.772438301767298,0.03195684283105216,8026.0882870476635,8.990452550896896,0.013844268003175841,0.07052295689748073,3000.006258238597,22.39756811272677,2.391934702014191,0.2081847435811537,0.09739940585868467,0.03778057015259684,0.09598631391541113
2006-09-01,76,47012.0650611001,M09,10.75815955117717,-0.014278750590127842,7678.618076826129,8.946194872037685,-0.044257678859210614,0.11221635152657576,2856.893832011433,22.673786799713508,2.580861792685711,0.4644904314373215,-0.04887941284133568,0.012257104127196605,0.07602083410456806
2006-10-01,77,47635.155715041816,M10,10.771326333056326,0.01316678187915521,8148.328288282808,9.005568067193224,0.05937319515553874,0.15289787551753015,2736.638059708929,24.082082295108254,2.493584964800201,0.3093415002495339,-0.04300478037486588,0.06025860005299455,-0.03440195139395874
2006-11-01,78,48302.168664800905,M11,10.785231738525052,0.013905405468726428,8320.743141917992,9.026506849768532,0.02093878257530868,0.22323746014645082,2810.106264653179,24.27979186927907,2.4796210740918614,0.37846583037155135,0.02649211770391524,0.008176303297780407,-0.0056156641393316775
2006-12-01,79,48386.44893816074,M12,10.78697507288632,0.001743334361266946,8331.017481793719,9.027740874375507,0.0012340246069744154,0.25606071355035914,2371.7680948726543,25.14514837859181,2.309732086378372,0.13717853004485026,-0.1695865906375431,0.03502057647578205,-0.07097421791327352
2007-01-01,80,49169.408736547564,M01,10.803026935451594,0.016051862565275243,7907.309546191672,8.975542869678454,-0.05219800469705227,0.27917857551829217,2264.486979909141,25.179596233063513,2.2649807601603857,0.08643705402712887,-0.046287474251758276,0.0013690227389240306,-0.019565273396234262
2007-02-01,81,49894.06193451228,M02,10.817657275350259,0.014630339898664246,7559.975086525838,8.930623173735059,-0.04491969594339551,0.3061671283094552,2029.9912544215174,24.67965964131016,2.1689097660757617,0.09227949110699996,-0.10931674946620262,-0.02005458519243497,-0.04334163513394984
2007-03-01,82,51991.28262901907,M03,10.858831341760482,0.04117406641022292,8079.555750293345,8.99709216860427,0.06646899486921143,0.18357402265854672,2126.8189828034892,24.989386916246172,1.9684446700312308,-0.5115131444132122,0.04659594325408989,0.012471803311146612,-0.09698090602826726
2007-04-01,83,50133.25697220997,M04,10.822439878667902,-0.03639146309257946,7967.497259340464,8.983125702311572,-0.013966466292698598,0.16929474254921306,1723.852904892626,24.15253672591146,1.9188496900082783,-0.08097674478185302,-0.21006558151842825,-0.03406179638986284,-0.02551783661791729
2007-05-01,84,48390.81520160017,M05,10.78706530613441,-0.035374572533491744,8368.287096893355,9.032204494618338,0.049078792306765706,0.1120292152134353,1646.0580126749592,21.542912112784265,2.0689083331765867,-0.4128815472066072,-0.046178500341044426,-0.1143425568229075,0.07529520618065422
2007-06-01,85,47791.819743043234,M06,10.77460976875149,-0.012455537382919601,8432.680658002791,9.039869990720875,0.007665496102537972,0.061672837862770204,1463.8916663927412,21.126128193061152,2.057674257298181,-0.5969160825460462,-0.11728493183680122,-0.01953628076382552,-0.005444749201165555
2007-07-01,86,47946.619520148335,M07,10.777843577725154,0.0032338089736629883,8583.283777136607,9.057571843869622,0.01770185314874695,0.0867597957698431,1317.4854433438277,20.47201023509315,2.255462387927589,0.34129972713560486,-0.10537346175853557,-0.03145197859283799,0.0917786583256528
2007-08-01,87,49184.13745160092,M08,10.803326440974969,0.02548286324981497,8576.556883496032,9.056787816311536,-0.0007840275580868195,0.04806007514173468,1417.7951565428102,21.494302185754695,2.638073776615655,-0.5906915381836004,0.07337800557797358,0.04872928658191178,0.1566940187653305
2007-09-01,88,49857.20531526605,M09,10.816918304870192,0.01359186389522371,8117.749626879256,9.001808255198572,-0.05497956111296354,0.05797684591379668,1442.9799491214183,24.00440904792691,2.7074874665435607,0.1875919286531902,0.017607426167511875,0.11044963841057998,0.025972049941342723
2007-10-01,89,51281.77431492744,M10,10.845090691521074,0.02817238665088162,8780.74575188543,9.080316620594543,0.07850836539597061,0.10779269444815574,1345.7740451318457,24.818393777848502,2.5955712865049074,0.6201661642220895,-0.06974103866495263,0.03334753904395216,-0.0422144293893838
2007-11-01,90,50577.65124998769,M11,10.83126508280704,-0.013825608714034487,8743.107629038845,9.07602096941495,-0.004295651179592852,0.18291999476624543,1403.9846944968865,24.44941950271837,2.5318681236969462,0.528838983496781,0.04234505843121639,-0.014978589430587164,-0.024849222253238823
2007-12-01,91,50549.0680107414,M12,10.830699787300246,-0.0005652955067940724,8677.795156100687,9.068522761113192,-0.007498208301758069,0.1998208444683878,1328.740289432811,24.843910704544403,2.234484002439357,0.08837231726381822,-0.05508306158819121,0.016006207025354158,-0.12494708905870844
2008-01-01,92,50876.42526880542,M01,10.837154937464135,0.006455150163889201,8433.045060800268,9.039913202949464,-0.02860955816372801,0.29021856371991567,1190.7278080352976,24.391572942948656,2.1829295258215025,0.3732131196737074,-0.10966661903920016,-0.01837497899011442,-0.023342536150572357
2008-02-01,93,51538.373160907366,M02,10.850081919115777,0.012926981651641967,8231.200540538628,9.01568715673108,-0.02422604621838431,0.2748594155014609,1127.2615190310623,24.365176229665,1.9118576165133818,-0.054374556522506,-0.05477346659314897,-0.0010827922825309422,-0.13259245036270828
2008-03-01,94,51957.60286289227,M03,10.858183335441877,0.008101416326100619,8521.816255635762,9.050384772648787,0.03469761591770748,0.3082344945423227,1006.5675643542984,23.8373934094169,1.7587955662844328,0.11460108862081064,-0.11324516510128646,-0.021899409805509418,-0.08344610605957281
2008-04-01,95,51869.36454165553,M04,10.856483616290173,-0.0016997191517038601,8700.878852630438,9.071179317084475,0.020794544435688067,0.2550001125140227,926.719161696214,23.119694357473907,1.649296983161429,-0.18959685282363403,-0.08265080512449341,-0.030570675481771392,-0.06428011113871435
2008-05-01,96,49949.773686815955,M05,10.81877325327196,-0.0377103630182134,8830.9408838669,9.086016843285702,0.01483752620122658,0.1365301437267913,820.7501601692306,21.389091136283234,1.8034835915200724,-0.6247185629815235,-0.12143181419299953,-0.07780379181510266,0.08937099688142203
2008-06-01,97,50361.36954720968,M06,10.826979682927695,0.008206429655734482,9123.904528805786,9.118653119606195,0.03263627632049371,0.09656013324638446,728.7207845292734,20.458347819196188,1.9188374662866137,-0.34637946668638375,-0.11892810451020175,-0.04449002655630707,0.06199939316107539
2008-07-01,98,50495.0144878919,M07,10.829629887377973,0.002650204450278082,9491.220226414063,9.158122463571548,0.03946934396535262,0.04949235038110677,801.634877489976,21.194030163492993,2.0828171283649595,-0.6683478368448466,0.09536259220553855,0.03532854044775924,0.08200184964347257
2008-08-01,99,51626.949118268225,M08,10.851799084868164,0.022169197490191195,9169.587695577246,9.123647601925308,-0.03447486164624003,0.07452735807238259,876.4779592988269,22.435684409590934,2.2876759230196173,0.4093481605469047,0.08925831855337041,0.05693319933538721,0.09381505545524493
2008-09-01,100,51729.76365276558,M09,10.853788594125062,0.0019895092568980033,9021.050268994553,9.107316044082589,-0.01633155784271878,0.08311978562230352,953.8188860065418,22.739324755284585,2.500209567107402,0.10911648722876155,0.08456224869153228,0.013443048446662775,0.0888381337553521
2008-10-01,101,52869.731197834524,M10,10.875586265006897,0.02179767088183482,9492.247773476625,9.15823072061537,0.05091467653278059,0.14474966911293727,959.3325992491475,24.41316521787776,2.5625324043293647,0.554723062876803,0.0057640271047310065,0.07102675115701196,0.02462143477267653
2008-11-01,102,50816.52484720975,M11,10.835976872938422,-0.039609392068474136,9125.160542185935,9.118790771960137,-0.03943994865523237,0.21334897606905712,942.1293566765718,24.41416838106127,2.37442719319652,0.38792337979163727,-0.018095247115129887,4.1090229988327565e-05,-0.07623976339091643
2008-12-01,103,48067.15575267625,M12,10.780354390272809,-0.05562248266561376,8887.227699143896,9.092370435008526,-0.02642033695161139,0.2422573093578995,956.1008185503439,24.390577029253095,2.1821681358322587,0.12707121278256994,0.01472077976432562,-0.000966764745816473,-0.08443728630823943
2009-01-01,104,48791.034624932734,M01,10.79530185826106,0.014947467988251972,8347.424143746974,9.02970828447457,-0.0626621505339564,0.27857366576819004,944.7924649360317,24.437615108913842,2.1348607256862895,0.1396821103292516,-0.01189807667489795,0.0019266776897426396,-0.021917529595187002
2009-02-01,105,51111.93393451147,M02,10.841773289718178,0.04647143145711752,8124.860576074689,9.002683847182976,-0.027024437291593983,0.292995254955583,910.841226652145,24.63881782519343,1.920430776435348,0.050473880762124335,-0.03659669216497541,0.008199611567024423,-0.10585188708129456
2009-03-01,106,52555.90337767527,M03,10.869632708295818,0.027859418577639516,8711.976314530279,9.072453945891272,0.06977009870829676,0.24997387401456372,865.1187413575564,24.670759052652055,1.76241498240997,-0.158800005735505,-0.05150182662931613,0.0012955386741735353,-0.0858645059905464
2009-04-01,107,49615.78175276581,M04,10.812064242603649,-0.05756846569216911,8577.804288844312,9.05693324934025,-0.015520696551021729,0.22869360502933697,751.6243383183986,23.390908591973524,1.667229912190942,-0.08897327008967504,-0.14063012173189726,-0.053271273155865995,-0.055521503621110746
2009-05-01,108,48643.38080375141,M05,10.792271020880646,-0.019793221723002574,8814.414532792405,9.084143675472811,0.027210426132560528,0.18854743661137832,626.2956354183071,22.006124616896127,1.7124749544510436,-0.1930335100304159,-0.18241412835304782,-0.06102661886736804,0.02677615191999383
2009-06-01,109,48049.03662776564,M06,10.779977364827324,-0.012293656053321556,9018.891502258803,9.107076712185243,0.022933036712432298,0.0936013258747521,627.107109755818,20.246346516771847,1.8202449138830472,-0.7003050796277259,0.0012948343284095998,-0.08334644794139123,0.06103139419362402
2009-07-01,110,49087.498306439054,M07,10.801359664385405,0.021382299558080575,9316.185589890207,9.139508552434203,0.032431840248959176,0.08551876342631475,659.3990470734036,20.777907953738353,1.9305729880440199,-0.09030874156730473,0.05021153049468108,0.025915946301675152,0.058845783749223446
2009-08-01,111,49594.73294353554,M08,10.811639916419868,0.010280252034462478,9269.484511203656,9.134483048729308,-0.005025503704894518,0.09047964203592614,749.1945784934179,22.183887323089337,2.275919695977278,0.05638906837712998,0.12766984865484243,0.06547592445145467,0.16456738882702893
2009-09-01,112,51409.825062208394,M09,10.847584582246803,0.03594466582693556,9219.42031439251,9.129067441948532,-0.005415606780776017,0.13834816758740193,799.9137475743814,23.475333277964467,2.321015436971874,0.4246485858632536,0.06550517217390439,0.056583993034555746,0.01962054559146409
2009-10-01,113,51719.688681009684,M10,10.853593813552319,0.006009231305515783,9805.985662733176,9.190748260118857,0.061680818170325225,0.18997805679842233,860.3616567861046,24.1297880515124,2.2176853460132544,0.3171351135714757,0.07284892567235435,0.027496873851328818,-0.045540763241331605
2009-11-01,114,53971.167916653896,M11,10.896205255487011,0.04261144193469235,9871.87386734324,9.197444969254716,0.00669670913585918,0.1985512680813949,890.5854760794454,25.40214085901982,2.242565775397001,0.044138769311170556,0.03452625274118848,0.05138636027156185,0.011156630772147569
2009-12-01,115,52699.27180106285,M12,10.872356916617342,-0.023848338869669305,10121.801452784503,9.222446936168133,0.025001966913416496,0.266172496773718,861.6153501568864,24.74594502676348,2.133186809754961,0.2930972384509658,-0.03307014317963297,-0.02617181797140855,-0.05000362939000036
2010-01-01,116,54152.6914790773,M01,10.899562955332012,0.0272060387146702,9247.839834099259,9.132145271785028,-0.09030166438310516,0.24882173744819616,891.7267552384164,25.022913820047254,1.9629984783276992,-0.06740785650512127,0.03435081588658484,0.011130319602634664,-0.08314387629427411
2010-02-01,117,57016.17017111841,M02,10.951090193797683,0.05152723846567042,9080.292249168157,9.113861657109116,-0.01828361467591222,0.20922445593931943,880.2675226124442,25.679039502946118,1.99478662536499,-0.17332909865949842,-0.01293389320248739,0.025883117696966274,0.016063949800398714
2010-03-01,118,56828.10354837354,M03,10.947786263126817,-0.0033039306708655403,9834.476186268725,9.193649469238922,0.07978781212980657,0.21627839934102727,861.6114980688608,25.033147039669974,1.7907412025554212,0.03315883606808545,-0.021421393468695094,-0.02547424733883119,-0.10790747613225027
2010-04-01,119,53500.0980263746,M04,10.887438765151103,-0.06034749797571415,9620.109019141004,9.171610876146579,-0.02203859309234346,0.19792955377078536,766.6502487990059,23.497056333757822,1.7637865723332755,-0.08865528527176192,-0.11677377236286102,-0.06332567733934624,-0.015166654261392631
2010-05-01,120,52677.26667374219,M05,10.871939269046848,-0.015499496104254717,9856.679861377554,9.195904662836044,0.02429378668946569,0.11521690856162661,729.0890550407804,22.03858267533648,1.7259483987543758,-0.541094665150307,-0.050234813312409976,-0.06408047562056218,-0.021686263743840084
2010-06-01,121,52160.01049998768,M06,10.862071397903959,-0.009867871142889229,10024.769696780439,9.212814279021158,0.016909616185113663,0.07173118955307627,670.113216719747,21.091658541893732,1.8843571458187087,-0.47389085943941867,-0.08434920680923685,-0.043917042739740175,0.08781003025276735
2010-07-01,122,52649.012889771955,M07,10.871402768854018,0.009331370950059537,10388.99895626957,9.248502732605571,0.03568845358441308,0.08875191069935169,669.0140245005525,21.13298018486982,2.1299278689847427,0.2129193033701231,-0.001641655000693909,0.0019572295897920533,0.1225013887887294
2010-08-01,123,53078.29501342763,M08,10.87952336685692,0.008120598002902213,10451.67020032397,9.254517072404056,0.006014339798484869,0.0321116530748451,756.15887314854,21.544285885504287,2.1872172144754467,-1.016625968733432,0.12244648048106388,0.01927576312423529,0.026541942688942943
2010-09-01,124,54571.00651387665,M09,10.907258004464582,0.027734637607661483,10303.161031261956,9.240206023373734,-0.01431104903032221,0.0782600804050559,831.1075941681083,23.70938140110032,2.491093050274836,0.8908186557939635,0.09450775823887181,0.09576018426152544,0.13009153265836826
2010-10-01,125,54022.26905785984,M10,10.89715163049741,-0.010106373967172289,10631.70676833083,9.271596019908419,0.03138999653468488,0.13651741776951867,887.6195462386274,23.86275518878392,2.2055348582861862,0.5564145650004872,0.0657839502580897,0.006448073603069204,-0.12175154456823412
2010-11-01,126,54722.42234165518,M11,10.91002881925624,0.012877188758830371,10881.565179723557,9.294825368493775,0.023229348585356746,0.188965935541889,926.6520949848986,24.065669202754286,2.12810594212907,0.3251145543956433,0.0430349807909689,0.00846742737367201,-0.03573769052532627
2010-12-01,127,55570.51723117078,M12,10.925408073971711,0.015379254715471191,10789.06287904517,9.286288203604165,-0.008537164889609983,0.2567752000878658,903.0788537668524,24.63228323928832,2.033577306186924,0.3066342306985592,-0.025768319236265214,0.023271598887631306,-0.04543589311262297
2011-01-01,128,56415.888924718216,M01,10.94050611633431,0.015098042362598818,10011.40364580204,9.211480086834598,-0.07480811676956733,0.30654800580185604,891.9725916224222,24.634232358280244,1.847552743649576,0.17717337460688198,-0.012374468592994958,7.91255062102536e-05,-0.0959345398698036
2011-02-01,129,59061.540894629434,M02,10.986335245283158,0.0458291289488475,10009.20298559195,9.211260247320295,-0.00021983951430293303,0.3054038433330655,858.9257050129337,24.524513328481742,1.85679509607682,-0.003739391599674846,-0.037752977073180816,-0.004463873536869389,0.004990012820165202
2011-03-01,130,56817.858135913026,M03,10.94760595909601,-0.03872928618714688,10326.421932837216,9.242461125813128,0.031200878492832373,0.3245144631835902,779.0956416650347,23.842958358695974,1.8526541251566664,0.06069512853153558,-0.09754861489650857,-0.028184234634278216,-0.0022326617205604693
2011-04-01,131,56019.980291653206,M04,10.93346369700492,-0.014142262091091595,10287.06282474087,9.238642348309899,-0.0038187775032287874,0.22915599394259278,763.5045798813044,23.291827858386526,1.6761605904792292,-0.34792713792327823,-0.020214690082070774,-0.023386363367584817,-0.10011345801440308
2011-05-01,132,54247.7358198793,M05,10.901316534492642,-0.03214716251227756,10733.002581737941,9.281078627023556,0.04243627871365696,0.11391171298446265,666.3319522607045,21.48752462352918,1.7207569546771317,-0.6989792670508514,-0.13613114999059928,-0.08063004670295504,0.026258468764718268
2011-06-01,133,53463.118222208715,M06,10.886747316128979,-0.014569218363662984,10846.716609063316,9.291617696494747,0.010539069471191098,0.09074910111359817,640.8739209214003,20.47712763959059,1.810781531649444,-0.22732513283880662,-0.03895522684072805,-0.048163978293022325,0.05099425358415066
2011-07-01,134,53903.20409944964,M07,10.894945200389095,0.008197884260116695,10910.814224810962,9.297509707097442,0.005892010602694953,0.09464819831672806,665.7127327309496,20.87317297588941,1.951249978674568,0.042068274245753656,0.03802549890992157,0.019156206431589773,0.07471164439148414
2011-08-01,135,56278.29057794367,M08,10.938064137240808,0.04311893685171242,10970.774248027254,9.3029901294503,0.005480422352858838,0.08362967841257421,758.9108523567864,22.07574102631871,2.268545203185877,-0.12376838023092862,0.1310260711679092,0.056014569709217366,0.15066856446997146
2011-09-01,136,56356.782833319456,M09,10.939457881936926,0.0013937446961183042,10485.50044061036,9.257748671392093,-0.04524145805820723,0.058977765870385036,820.7914443366071,23.03767127801996,2.3882405806200317,-0.34923793880085885,0.07838473437368787,0.04265144321409364,0.051418189720769725
2011-10-01,137,56324.53244951559,M10,10.9388854643253,-0.0005724176116252977,10936.517568192325,9.2998627042949,0.04211403290280735,0.19630146654066433,778.8278854364253,23.658395981151855,2.261046909235203,1.202491048944209,-0.0524789722935024,0.026587303993880873,-0.054728995909896994
2011-11-01,138,56784.604541654284,M11,10.947020521167557,0.00813505684225646,11192.603404089044,9.32300842876702,0.023145724472119156,0.1815705148555975,854.4179829779414,23.65845554346788,2.1953678423038565,-0.07800748231485888,0.09263043697517848,2.5175942228727877e-06,-0.029478325797185123
2011-12-01,139,57543.814314502735,M12,10.960301924698227,0.013281403530669422,11193.964445282954,9.323130023216402,0.00012159444938220076,0.21754543655212774,857.9154898210078,24.373493444226387,2.02884115759375,0.1807636425444421,0.00408508244738659,0.029775628252432185,-0.07888484267820894
2012-01-01,140,57978.17385616793,M01,10.967821905880426,0.007519981182198876,10443.797264590698,9.253763517967522,-0.06936650524887966,0.287576672060851,827.1598620308092,24.2021185824891,2.0606200047396745,0.2790817777128689,-0.03650761803785674,-0.007056033495621339,0.015542138968907215
2012-02-01,141,61446.36273274353,M02,11.025919922562824,0.05809801668239878,10402.15365089438,9.249768145507751,-0.003995372459771218,0.23477308501343333,991.5594707386658,24.67694968093766,1.892571550103798,-0.20287005814340553,0.18128094684775586,0.019429422561322962,-0.0850703978896874
2012-03-01,142,62069.22059810267,M03,11.036005502507573,0.010085579944748346,11113.620103105903,9.315926671422462,0.06615852591471061,0.18970652572919472,827.851199603718,24.208561728885655,1.7603231918701203,-0.21314117536018662,-0.1804454991227873,-0.01916323557972488,-0.07243908886685957
2012-04-01,143,59354.049327763,M04,10.991275625642375,-0.04472987686519758,10728.17318148482,9.280628567773503,-0.0352981036489588,0.16035160065022663,714.6279268160558,23.67706177129817,1.7005816232293176,-0.16810936829148715,-0.14707140243902384,-0.02219963933016933,-0.03452710007623949
2012-05-01,144,56847.69389917816,M05,10.948130933697659,-0.043144691944716484,11186.10376762669,9.322427551900878,0.04179898412737515,0.10186267697840362,636.9163547738613,22.036472550228762,1.8228361430402793,-0.4537433062478011,-0.1151236894097547,-0.07180779786775648,0.06942328465930037
2012-06-01,145,54201.266652452345,M06,10.90045955712611,-0.04767137657154841,11113.466400198458,9.315912841188128,-0.006514710712750116,0.12267656432320388,600.6272125548686,21.354241296440012,1.760079303912147,0.18592573159385584,-0.05866387229108749,-0.03144854832926214,-0.03503474144333796
2012-07-01,146,54262.44355778183,M07,10.901587619437427,0.0011280623113165689,11507.240986927924,9.35073176724151,0.034818926053381105,0.07553947347979495,655.9328642611329,20.694079116085693,1.9389267361488751,-0.48489598648796006,0.08808397916956245,-0.03140274919945618,0.09677572412256141
2012-08-01,147,57172.34180034016,M08,10.953825525468075,0.05223790603064771,11601.83294605878,9.358918377203056,0.00818660996154641,0.03852456096612749,743.0775880214381,22.341469702034768,2.367166143227349,-0.6733593621111438,0.12474202195595563,0.07659695307600378,0.19955892834759914
2012-09-01,148,57868.54908192959,M09,10.965929322228858,0.012103796760783325,10804.825211689895,9.287748092196528,-0.07117028500652722,0.07861066101186949,799.801295797774,23.747519539696828,2.400582026511158,0.713211341456633,0.07356285196616685,0.0610335051998141,0.014017699453079957
2012-10-01,149,59534.62904959615,M10,10.99431342307047,0.02838410084161147,11523.324890879696,9.352128511607404,0.06438041941087569,0.11901394936652755,842.1352149154552,24.856169598146025,2.37764978767609,0.4147333812883578,0.051577272571403654,0.04562791070254946,-0.009598703369196215
2012-11-01,150,58139.070292574135,M11,10.970593183145214,-0.023720239925255626,11492.453454381768,9.349445877585756,-0.0026826340216477007,0.21132207160140024,817.0546106410811,24.618884477663027,2.1287628132133483,0.5741426675877681,-0.0302346536190079,-0.009592185164693401,-0.11057154352785115
2012-12-01,151,60326.78892606034,M12,11.007531544857688,0.03693836171247433,11391.330445994288,9.340607857872026,-0.008838019713730105,0.20004394968513584,880.1331813651017,25.491041337700366,2.0583180941750667,-0.05484628456427765,0.07436730296542393,0.034813260216431274,-0.03365178192323759
2013-01-01,152,58204.26853627521,M01,10.97171397357778,-0.03581757127990848,11045.723811428952,9.309798646656684,-0.030809211215341747,0.29267841263949895,818.2369832617305,24.599552665308583,2.040703646192096,0.3805373476326075,-0.07292123324782995,-0.035598811910907635,-0.008594517191602646
2013-02-01,153,61088.56805950856,M02,11.020080025518196,0.0483660519404161,10577.655721393035,9.266499104432727,-0.04329954222395749,0.2369660925836052,822.6264870621195,24.807240709005068,1.9463033878895606,-0.2111573768329158,0.0053502492445325345,0.008407316194575465,-0.047362798040305965
2013-03-01,154,60111.65103224196,M03,11.003958962504145,-0.016121063014050918,11273.258144834572,9.33018866417333,0.06368955974060242,0.26248922446967327,754.6886947242857,24.382568444387946,1.8901108319834983,0.10229296991752013,-0.0861969151269264,-0.01726710565924927,-0.029296406333642167
2013-04-01,155,58548.87325137199,M04,10.977617124628427,-0.026341837875717644,11507.28551837702,9.35073563709728,0.02054697292395069,0.19005020780282786,699.3095328645136,23.122041475710475,1.6898489746109477,-0.3229217427037647,-0.07621187272446406,-0.05308212994279238,-0.11199630780709369
2013-05-01,156,56164.68255593471,M05,10.93604341406886,-0.04157371055956638,11472.302643268498,9.347690943529477,-0.003044693567803236,0.12834775323867445,625.2157708065564,22.11700432054946,1.6558491100690071,-0.39254488663981535,-0.111996643179201,-0.0444396000921925,-0.0203252261026714
2013-06-01,157,55829.187168040626,M06,10.930052079144877,-0.005991334923983516,11539.345458335503,9.353517819071813,0.005826875542336296,0.13165737754029988,585.1496925136245,21.59452293025016,1.61707045855339,0.025459521211185443,-0.06622912430995154,-0.02390702444393833,-0.023697781431806175
2013-07-01,158,56640.5664515977,M07,10.94448072922857,0.014428650083692318,11961.430386583213,9.38944261789381,0.03592479882199662,0.08047079629393464,649.2190387415894,20.69443630740033,1.870920240590808,-0.4923085837704053,0.1039024625385716,-0.04257482776840815,0.14581426381747703
2013-08-01,159,58179.12403953373,M08,10.971281875894833,0.026801146666263875,11796.542795667554,9.375561784107726,-0.013880833786084068,0.07887641470940022,734.0632621925712,21.356355417479833,2.1863475439305353,-0.020012082852629565,0.12282505149756595,0.03148448628722811,0.15580194627266453
2013-09-01,160,59086.22559678887,M09,10.986753106801013,0.0154712309061793,11398.580524821333,9.341244111263356,-0.03431767284437015,0.10432416102803581,779.2546098315198,23.22708495391156,2.3152811982554673,0.2796207277437732,0.0597426211847818,0.08396967962553914,0.05729878472859351
2013-10-01,161,60258.40864799452,M10,11.00639740423726,0.019644297436247626,12036.955269973327,9.395736802328411,0.05449269106505561,0.14663864814361588,823.5092804297328,23.810484901475224,2.284303753353551,0.34046840007205414,0.055236984691363844,0.02480697310935609,-0.013469873303304292
2013-11-01,162,60454.94265692813,M11,11.009653617083012,0.00325621284575206,11960.186968693017,9.389338660216296,-0.0063981421121148685,0.21516132110403977,846.3796771347429,24.244144612377912,2.2795218796624783,0.38341669287658986,0.02739323081917977,0.01804910319807229,-0.0020955557137798397
2013-12-01,163,60695.129047808456,M12,11.013618727498331,0.003965110415318662,12075.061069831248,9.398897536050944,0.009558875834647651,0.262980617857125,849.0374229688766,24.879412900905958,1.9984430494093823,0.2006922556145463,0.0031352143505118946,0.025865541417970928,-0.13159731697801558
2014-01-01,164,65422.11794360435,M01,11.088615675126636,0.07499694762830522,11553.070615542108,9.354706534776474,-0.044191001274469954,0.20168918088275384,909.5459457160813,25.02074611037605,1.896069383817597,-0.26535252922901686,0.06884225001738287,0.0056646547906442635,-0.0525854040916337
2014-02-01,165,67383.48238906608,M02,11.118155198454746,0.029539523328109496,11339.194803232873,9.336020569754849,-0.018685965021624895,0.2422607466564634,837.0541638799702,24.90391839883027,1.9775821414983283,0.18328680775760842,-0.08305673391774793,-0.004680168647841931,0.04209195984548286
2014-03-01,166,63326.67190048075,M03,11.05606187642393,-0.0620933220308153,11541.67426272454,9.353719612963511,0.01769904320866189,0.2688435629358388,766.0054109337632,24.164311766487483,1.787944791346082,0.10411504838150654,-0.08869954672141045,-0.03014833220570967,-0.10080815889785522
2014-04-01,167,60895.91422779306,M04,11.016921361591749,-0.03914051483218195,11616.094659893446,9.360146886126884,0.006427273163373215,0.19519286665318,709.143715200379,23.544573936157963,1.663668153817192,-0.32014153048509786,-0.07713102633691094,-0.025981436492265253,-0.07204190323309068
2014-05-01,168,59982.90091731288,M05,11.001814815876926,-0.015106545714822062,11659.628397102257,9.363887589508314,0.003740703381430066,0.14578896430625685,622.3859606774308,21.88097823412864,1.5812386983269955,-0.2918280034456753,-0.1304977914033536,-0.07327770219731944,-0.050816369553231655
2014-06-01,169,58187.36559015034,M06,10.971423524073044,-0.030391291803882226,11265.014360226718,9.329457127630443,-0.034430461877871466,0.12219359408303909,596.1367701148563,21.491928313767428,1.8371126921613727,-0.1765535022962601,-0.04309029506026274,-0.017940248233073497,0.14998662394648665
2014-07-01,170,58477.185179003136,M07,10.976391960211245,0.004968436138200971,11826.448389914514,9.378093691264441,0.048636563633998264,0.09202539442973849,620.4096864216599,21.000370752969644,1.978075058072274,-0.2835420584134174,0.03990992357090484,-0.023137344905632684,0.07392902881607466
2014-08-01,171,58833.275891970094,M08,10.98246289034645,0.006070930135205543,11684.168115800045,9.365990051952563,-0.012103639311877856,0.04824666745651207,755.9451885607158,22.23351585550499,2.0365226246787667,-0.6457378082301046,0.19758882727911065,0.057060781141905714,0.02911957870636972
2014-09-01,172,60975.34937348942,M09,11.01822495285023,0.03576206250378,11614.238709205683,9.359987099294536,-0.006002952658027638,0.12014581406029033,793.0350262956881,23.87401676611853,2.3122179405329604,0.9123793651529088,0.04789851836351833,0.0711898293350175,0.12696345366987627
2014-10-01,173,62373.20042216421,M10,11.040890981690357,0.022666028840125918,11977.80497221069,9.390810630525438,0.030823531230902645,0.11656692049120403,855.0968087518733,24.7387570783031,2.313578136562453,-0.030240589389590067,0.07534729912664329,0.03558042339729539,0.0005880916694230853
2014-11-01,174,62010.05885174094,M11,11.035051890412026,-0.005839091278330599,11822.380878772658,9.377749698660347,-0.013060931865091163,0.21146486703373718,839.5599185340573,24.498178565440796,2.032189974751468,0.5955933384681498,-0.018336841094170886,-0.009772355825825585,-0.12968128611557017
2014-12-01,175,61621.66528883092,M12,11.028768796920685,-0.006283093491340708,11998.77340080029,9.392559706945688,0.01481000828534107,0.23755998606011972,845.023124096578,24.702687418853472,2.0276025368836508,0.11636129309592502,0.006486144734186183,0.00831326957882661,-0.0022599380668489877
2015-01-01,176,67230.0498440642,M01,11.115875596858974,0.0871067999382884,11186.238657974662,9.322439610570946,-0.07012009637474215,0.17141624768901131,924.7105506597761,25.405330125568383,1.8880447891261731,-0.32632536881233887,0.0901167775601559,0.02804695937480073,-0.07131228829483771
2015-02-01,177,65846.80697902801,M02,11.095086216687172,-0.020789380171802208,10759.645894371582,9.283557923729228,-0.038881686841717666,0.25916397866648366,826.6446272562073,24.717150689273808,1.8372091918139282,0.41336618797069646,-0.1121058807793105,-0.027461636905648845,-0.027294113874494097
2015-03-01,178,64983.448215018194,M03,11.081887873604906,-0.013198343082265751,11557.75512178492,9.355111929751125,0.07155400602189665,0.25308044911834815,766.7651913778586,24.280195227316007,1.6324075976531114,-0.023753564739303012,-0.07519427407312573,-0.017836355744537347,-0.11819169779891764
2015-04-01,179,61415.89733983181,M04,11.025423994952211,-0.05646387865269453,11130.047940568333,9.317403751589005,-0.03770817816212002,0.1835552035925136,710.3183712000238,23.70676681465393,1.5671923124913134,-0.3211919596186379,-0.07646733581476806,-0.023900479828956822,-0.040770296437029674
2015-05-01,180,57981.01422173696,M05,10.96787089493626,-0.057553100015951486,10944.489363292318,9.30059135407575,-0.01681239751325414,0.1528255211288744,602.094000222759,22.203834335564334,1.6939522386317813,-0.18321857338832226,-0.16529970000180505,-0.06549553521132889,0.0777787190145523
2015-06-01,181,56778.91971249981,M06,10.946920404000597,-0.020950490935662813,10937.471906071885,9.299949962074857,-0.000641392000893859,0.09712627946947715,614.2655069585774,21.474768261120182,1.8198064724530059,-0.45328490384839104,0.02001367676778809,-0.0333863150706879,0.07166576021768334
2015-07-01,182,56950.59955719563,M07,10.9499394966021,0.003019092601503459,11223.600444228934,9.325774022808401,0.025824060733544485,0.11430803790139893,610.7232600304312,21.48533059344683,1.8653511273657952,0.16288490914316167,-0.00578332944218829,0.0004917275714482194,0.02471914580299117
2015-08-01,183,58282.67908587387,M08,10.973060228467995,0.023120731865894584,10977.846182651416,9.303634537593512,-0.02213948521488973,0.03985731089928425,757.8889214868287,23.10566119035168,2.109208204234758,-1.0535910423068753,0.21589290633575065,0.07270725639441755,0.12286331098348902
2015-09-01,184,60537.356152607514,M09,11.011015910538642,0.037955682070647256,10999.740532772708,9.305626963572553,0.001992425979041812,0.10879411221389619,789.2175227439562,24.404580442236675,2.1251584470081113,1.0041513684081957,0.040505143744749894,0.054693177046257535,0.00753374449029709
2015-10-01,185,62218.235899989864,M10,11.038403417429786,0.02738750689114333,11417.990035123548,9.342945463789855,0.03731850021730132,0.13734419515487736,824.8503199921857,25.240524883765286,2.2849141435001217,0.23303293121103197,0.044159962486957305,0.033679995444685584,0.07248208678507928
2015-11-01,186,62105.01207993451,M11,11.03658197448652,-0.0018214429432656942,11183.610482326312,9.322204635748902,-0.02074082804095312,0.19725867155316512,824.5163411524427,25.281001165985664,2.0917625183867394,0.36202577251892354,-0.0004049782891524245,0.0016023384107879401,-0.08832142885636818
2015-12-01,187,62343.0064398464,M12,11.040406778655843,0.0038248041693229595,11258.560103543117,9.328884016389095,0.006679380640193244,0.20720767345781693,843.0906433995015,25.648138103686783,2.0301563340201354,0.0492056227560167,0.022277515740739773,0.014417808852528413,-0.02989421890230548
2016-01-01,188,62548.416659480594,M01,11.043696202376921,0.0032894237210783217,10418.82802953833,9.251369835808871,-0.07751418058022352,0.33677769238513416,769.2702506868,25.08231745562824,1.8802915573482573,0.4857015024013114,-0.09163213792293856,-0.02230786639899973,-0.07668595340750983
2016-02-01,189,66455.46198789623,M02,11.104287257721966,0.06059105534504461,10336.109210706354,9.243398792017874,-0.007971043790997001,0.20255057367934684,870.2949451552212,25.639846223101657,1.7131723341447849,-0.5084334442339307,0.1233898325246452,0.021984520462667412,-0.09308003052783409
2016-03-01,190,65070.33554593134,M03,11.083224049167471,-0.021063208554494395,10835.18954763422,9.29055440783075,0.047155615812876306,0.23696527897823716,775.9066752384351,24.870014539904727,1.7253430145430064,0.15692402627131674,-0.11479992253205928,-0.0304847920441067,0.007079061740245529
2016-04-01,191,64032.99507374782,M04,11.067153777519893,-0.016070271647578238,10580.390221350344,9.266757587657496,-0.023796820173254574,0.1363548060632804,739.6557551657882,24.778248981670064,1.7133250721829711,-0.5526532715418475,-0.04784736684373492,-0.0036966313109192406,-0.006989910621668649
2016-05-01,192,59313.538479015595,M05,10.990592863802013,-0.07656091371788065,10585.126676909435,9.267205151084452,0.00044756342695606577,0.11170286342333059,611.9453791478036,22.09725736284953,1.6151251202459354,-0.19941801596790354,-0.18954185346836994,-0.11451271154653675,-0.0590235415940793
2016-06-01,193,58881.500179150215,M06,10.983282231664296,-0.007310632137716766,11011.65702603177,9.306709720302692,0.03950456921823964,0.06876928669142333,612.2968360270484,20.479055296436307,1.6498432703492525,-0.4850851097934612,0.0005741623422936826,-0.07605082859030698,0.02126786822358573
2016-07-01,194,58073.64201745634,M07,10.969467174110052,-0.013815057554243282,10870.00807681953,9.293762723152653,-0.012946997150038442,0.05194174590663245,674.0763513611087,21.352059316308793,1.8527206533653853,-0.2806344113153938,0.09612619433457237,0.04174551911589308,0.11597488648959542
2016-08-01,195,59727.32114514515,M08,10.997544835317358,0.028077661207305482,10873.29711353119,9.294065256434319,0.00030253328166551796,0.0765640538244432,721.6952230099477,22.453523778989815,2.02511081336066,0.38800487580048015,0.0682595355285942,0.05029937295379128,0.08896923948516167
2016-09-01,196,60209.27208887308,M09,11.005581640846685,0.008036805529327395,10361.028433274752,9.245806780507687,-0.048258475926632016,0.06743268956080989,810.8527306539277,23.199888324821973,2.1376630849961704,-0.1269977867226153,0.1164835268271549,0.032699902002057524,0.0540887942840238
2016-10-01,197,60993.66761166499,M10,11.018525328122019,0.01294368727533346,10651.479995619033,9.273454128207382,0.02764734769969479,0.14820654557578652,826.7275874378751,24.320600608769205,2.2663678764012865,0.7874769704043287,0.019388794453459646,0.04717628780186356,0.05846527959776959
2016-11-01,198,61320.02754095564,M11,11.023861782120608,0.005336453998589619,10975.77966180706,9.303446275220352,0.029992147012970705,0.18259461370976363,852.6750692728153,24.534103030255437,2.1290374989824103,0.20866159090515923,0.030903305668120495,0.008740357213146144,-0.06250849640880307
2016-12-01,199,62413.34508425689,M12,11.041534395021733,0.01767261290112465,11451.238468419968,9.345853166313955,0.042406891093602184,0.239025520254182,836.6574300010803,24.863274037908152,2.007432623433295,0.26930185556735586,-0.018963844367600124,0.013327666351479195,-0.05881339533021546
2017-01-01,200,66457.75632807426,M01,11.104321781604652,0.06278738658291871,10612.950037589211,9.269830236089309,-0.07602293022464579,0.24622423342634253,854.3442155277165,25.095478322033852,1.8322402505541457,0.029672313208168877,0.0209194717020198,0.009295906934978504,-0.09131720506541974
2017-02-01,201,68293.32553343732,M02,11.131567317993616,0.027245536388964098,10337.321853686786,9.243516106166458,-0.026314129922850427,0.2780128342498778,813.7458390294232,24.898978428424634,1.7704471225349814,0.12142464024609412,-0.04868609507764532,-0.007860907718752141,-0.03430727249938381
2017-03-01,202,67264.44021369229,M03,11.11638699878128,-0.015180319212335647,10909.473359308611,9.29738680628792,0.05387070012146111,0.24075859194171462,777.572420452699,24.48780157674994,1.6783063628971402,-0.14387254071862388,-0.04547129518938764,-0.01665167692477354,-0.05344695868649085
2017-04-01,203,61890.294152760885,M04,11.033118647553925,-0.0832683512273551,10518.751940080305,9.260914842379295,-0.036471963908624616,0.20179708359693802,697.9744917396155,23.457985568644546,1.7252289802667804,-0.17653208240554807,-0.10799422768347622,-0.0429641258339748,0.0275746162575069
2017-05-01,204,60535.95738022626,M05,11.010992804333972,-0.022125843219953367,10952.93465008291,9.301362703911618,0.04044786153232316,0.17361550913560211,619.031189408341,22.817550813204075,1.68084646362154,-0.1504195192927582,-0.12002689912741715,-0.027680960552943112,-0.026062269937036642
2017-06-01,205,59572.50837637173,M06,10.994949477783415,-0.01604332655055707,11143.99855893361,9.318656386146426,0.01729368223480776,0.08804615132393658,628.8113942450741,21.443942751066892,1.8286739598446946,-0.6789820127076107,0.01567570338804991,-0.062087796079413504,0.08429357816789829
2017-07-01,206,57752.44949191838,M07,10.963921042929005,-0.031028434854409426,11138.493323396186,9.318162255087968,-0.0004941310584580805,0.0376619810796371,690.2426451403092,20.58426693013401,2.1181890864884108,-0.8492099976763661,0.09321183382761067,-0.04091517352605978,0.14697042706841412
2017-08-01,207,59778.325140977046,M08,10.998398418399224,0.03447737547021923,11104.267392056026,9.315084763153338,-0.0030774919346292506,0.06913935520165491,743.0574509742501,22.5324445978115,2.0703870286982635,0.607472982278157,0.07373016931145226,0.09042920993650005,-0.022825958970647542
2017-09-01,208,61654.8290608157,M09,11.029306835789486,0.030908417390261178,10572.581757555039,9.266019302355764,-0.0490654607975749,0.06251274165926485,823.692924972019,24.1731445761147,2.3323268802953963,-0.1007537059560879,0.10302443187548604,0.0702860360211206,0.11913087013224699
2017-10-01,209,62898.22400666369,M10,11.049273207101734,0.019966371312248654,10940.581182281707,9.300234199087923,0.03421489673215916,0.15140136120875558,836.5138550971868,24.705807368561416,2.3422863930766353,0.884563929261102,0.015445286882138198,0.02179604343596342,0.004261113066875488
2017-11-01,210,62550.74704303845,M11,11.043733458957847,-0.005539748143887024,11257.004198940724,9.328745809361816,0.028511610273893595,0.21516184006942993,849.2439795096321,24.212031412532014,2.092478735402525,0.3514561576928512,0.015103434364292845,-0.020188656710778297,-0.11277818234809378
2017-12-01,211,63962.36200531221,M12,11.066050095679904,0.022316636722056415,11677.615349836999,9.365429070283973,0.03668326092215679,0.2521815017395331,811.3898141623741,24.796190701223342,1.9141953913245886,0.15875858379103192,-0.04559792054793199,0.023840365192233204,-0.08905198788519608
2018-01-01,212,66531.67933768588,M01,11.105433494228365,0.039383398548460846,10993.02406558882,9.30501617475038,-0.060412895533593414,0.2552116061002719,839.1764657783652,24.723949917976665,1.8454949151353757,0.01194395562824524,0.03367241576748725,-0.0029176344650774233,-0.03654988494533917
2018-02-01,213,66373.0809999829,M02,11.103046846638279,-0.0023866475900859996,10445.205208921681,9.253898320415356,-0.051117854335023694,0.3063019822466443,797.2431779225309,24.20232737517963,1.714784118275354,0.18247845651744465,-0.051261264208120494,-0.021323605084487607,-0.07346029406873356
2018-03-01,214,68054.39154568149,M03,11.12806254009997,0.025015693461691413,11053.937511347578,9.31054197934191,0.05664365892655354,0.2515422856574923,773.7625465546802,24.693880892188698,1.5944935476519098,-0.1969603761694141,-0.029894709718199408,0.0201066747172165,-0.07273103330593989
2018-04-01,215,63905.582836085654,M04,11.065162004876084,-0.06290053522388561,11015.790302887077,9.307085004541678,-0.0034569748002315492,0.1688556010785107,703.943678489366,23.619196175515142,1.5632181109012278,-0.3985671910335664,-0.09456668831187987,-0.04449569711278656,-0.019809572806328057
2018-05-01,216,60005.957260786905,M05,11.002199123955323,-0.06296288092076097,10726.591929218393,9.280481164410087,-0.026603840131590673,0.10329375104804284,648.6659826695641,22.043472725654304,1.6978182982436807,-0.49146703714709083,-0.08178043120087075,-0.06904324211331181,0.08259748485829416
2018-06-01,217,59539.803052760566,M06,10.9944003267504,-0.007798797204923602,11226.528501416129,9.326034872731437,0.04555370832134997,0.0708052249067023,598.263275776259,20.848746847622618,1.7133608781764171,-0.37764408495924506,-0.08088700205121047,-0.055722693350552355,0.009112794542483926
2018-07-01,218,59607.23535076377,M07,10.995532244187986,0.0011319174375863383,11243.988984626305,9.327588952359125,0.0015540796276880542,0.051670866736933364,655.0823170183113,21.134108825137606,1.8103898182128597,-0.31503867946426256,0.09072998501611629,0.013594424090594526,0.055085323841099654
2018-08-01,219,60415.36606595711,M08,11.00899875663294,0.013466512444953338,11238.240240054922,9.327077548917837,-0.0005114034412887491,0.07345216293074787,703.1777230159428,21.501668203342255,2.0162013468992748,0.35174023321822956,0.07084876385058525,0.01724225567912674,0.10767302840850856
2018-09-01,220,61580.634609704546,M09,11.02810272687691,0.019103970243969925,10705.10128743482,9.278475662673072,-0.04860188624476436,0.11475559406899632,775.1657363084408,23.588262716486447,2.133833727864599,0.4461702479610641,0.09746719336467002,0.09261872281725969,0.056705014453159897
2018-10-01,221,63856.42975805155,M10,11.064392557378175,0.036289830501265996,11336.691664240958,9.335799794350486,0.05732413167741335,0.18062886876483167,789.2269057226671,24.404692119774584,2.113924860671161,0.4536398795955301,0.017977006176868038,0.03402616800865399,-0.009373890987759204
2018-11-01,222,64090.313734232965,M11,11.068048519699786,0.003655962321611028,11402.396717855778,9.341578850693992,0.005779056343506284,0.2553623242014832,804.5024311761944,24.49318141937418,2.167658457166898,0.3462389384816811,0.01917012243145333,0.0036193555994863402,0.025101189818395597
2018-12-01,223,65276.05903753016,M12,11.086380617679765,0.018332097979978812,11563.38092974034,9.355598567436566,0.014019716742573962,0.23469423684312335,872.651365510968,24.707115325096378,1.8647206379617804,-0.0843998687499039,0.08131213545662952,0.008696502589609079,-0.15053628306156008
2019-01-01,224,71196.90252151722,M01,11.17320459254247,0.0868239748627051,11050.010888543342,9.310186692333952,-0.04541187510261402,0.21139659557359974,895.2965445259778,25.584618438763112,1.851344666936214,-0.10454757802286618,0.025618874205389552,0.03490005667992868,-0.0071990278408067265
2019-02-01,225,69810.01428420881,M02,11.153532749579936,-0.019671842962534214,10791.76269634229,9.286538408796899,-0.02364828353705306,0.2880326332293795,807.9062184151119,24.97336022935201,1.7314095857540532,0.30933781442764396,-0.10270901259459553,-0.024181662774934498,-0.06697635585526696
2019-03-01,226,66700.1797166891,M03,11.10796292630322,-0.04556982327671655,10920.24375619855,9.298373571045968,0.011835162249068887,0.27185056686819487,771.216915740516,24.483653559955233,1.6665694248518461,-0.05782125472716593,-0.04647630810033032,-0.01980397265859679,-0.038168589227211336
2019-04-01,227,65499.93476803822,M04,11.089804425715034,-0.01815850058818569,11112.7021373897,9.315844069748033,0.01747049870206574,0.22162294969727062,690.817524439623,24.063369210373544,1.4427857104495478,-0.20427501568731143,-0.11009396308983277,-0.017314958814044434,-0.14419151101782346
2019-05-01,228,62845.13633197238,M05,11.048428825693403,-0.04137560002163099,11314.862224617666,9.333872381645088,0.018028311897055005,0.17346577245819106,615.9699307988293,23.011243146160933,1.5468302966967622,-0.2449972100993969,-0.11467756557295328,-0.044707805492819386,0.06963210129507341
2019-06-01,229,60100.94765425667,M06,11.003780888356667,-0.044647937336735666,11195.394469695977,9.323257764651107,-0.010614616993981585,0.06791210984601774,629.8169803499234,22.003754919589966,1.7657980042737818,-0.9377659361170565,0.02223112109522951,-0.04476981197363816,0.13239484802170592
2019-07-01,230,59464.625927402354,M07,10.993136892506772,-0.01064399584989495,11721.979305896977,9.36922093162763,0.045963166976523695,0.07091965875096655,652.812618267284,20.704718210064602,1.8606476799008873,0.043333302538153706,0.03586086311758496,-0.06085150980569587,0.05232192683890069
2019-08-01,231,60303.5182862731,M08,11.00714572738588,0.014008834879108534,11504.55676774768,9.350498476542448,-0.018722455085182332,0.046499374882491035,731.107240396139,21.963472685781262,2.1516311903728775,-0.4221088003326723,0.11327001976148754,0.0590191338623578,0.14530160556125027
2019-09-01,232,63200.58563887207,M09,11.054068846529864,0.04692311914398317,11473.520901012313,9.34779712910548,-0.002701347436968149,0.06747429660347537,797.4561699590421,24.25260103042831,2.1686576139593408,0.37230786518387626,0.0868667211715417,0.09914312960409566,0.007882117380879183
2019-10-01,233,65581.40424191857,M10,11.091047462824447,0.03697861629458288,11975.958082099181,9.390656425934619,0.042859296829139026,0.14407258547385918,843.2280080862519,24.959124208516943,2.1396703698564505,0.7585705040686699,0.055810519806845704,0.028715584467440713,-0.013456580662809525
2019-11-01,234,65431.47895692767,M11,11.088758751259979,-0.00228871156446786,11790.648477475552,9.375061994349256,-0.015594431585363111,0.19162702922079122,849.9834104496435,25.095972603370395,2.0289242229946804,0.28523368830869034,0.007979438519313042,0.005467924128788049,-0.05314607121744375
2019-12-01,235,65223.55965455348,M12,11.085576027040574,-0.003182724219405131,11859.854601235998,9.380914412884325,0.005852418535068793,0.21375298034564733,878.1317748672194,25.176397502302855,1.9068734338721425,0.10927012418030202,0.032579835467796414,0.0031995693608308784,-0.06204075799221931
2020-01-01,236,68541.25781786004,M01,11.135191146848483,0.04961511980790867,11313.65758334417,9.333765910582478,-0.04714850230184631,0.28749892295927626,827.6354983169574,25.14395773233676,1.7600367431743382,0.2963980631445873,-0.05922382960735284,-0.0012893301054313078,-0.08013026954672664
2020-02-01,237,68796.67360055879,M02,11.138910673923505,0.0037195270750221,11149.358164502228,9.319137211509636,-0.014628699072842366,0.2981701141440985,799.855717396268,24.797621104205916,1.6874366764959767,0.0364450624616699,-0.034141479888619486,-0.013869893117514298,-0.042124067614699556
2020-03-01,238,66209.70977686597,M03,11.10058240453617,-0.03832826938733547,11248.390311206502,9.327980313946842,0.008843102437205985,0.25597505118617364,799.0502446137583,24.64368266144193,1.6210485171659663,-0.15258419303707438,-0.001007529985859179,-0.00622713919260498,-0.04013744532308133
2020-04-01,239,57175.42661942764,M04,10.953879480505954,-0.14670292403021534,10159.426493400064,9.22615727203926,-0.10182304190758273,0.18609534164862276,735.8754226567584,23.271929053156885,1.585989432819237,-0.31882085153357886,-0.08236298645409157,-0.057272713564082256,-0.02186471229486997
2020-05-01,240,55955.37720295246,M05,10.932309816413436,-0.02156966409251737,10299.34440359065,9.239835522055142,0.013678250015882298,0.1349668235853511,654.1163172782277,21.474521601735038,1.5999477428512405,-0.32123013487577134,-0.11777565089937791,-0.08038068195919923,0.0087625075912946
2020-06-01,241,57557.283118038875,M06,10.960535959019325,0.02822614260588807,10815.376795669003,9.288724177879102,0.04888865582396029,0.1015308364887847,615.7308148249269,21.607534395385947,1.7575514703140966,-0.28466643690414495,-0.06047531170286646,0.00617487783303039,0.0939506623756799
2020-07-01,242,59067.13053358469,M07,10.986429881731564,0.025893922712239004,11462.695777539922,9.346853196247862,0.058129018368759944,0.06270109622571067,687.2493898735246,21.061453607377434,1.8043209168991512,-0.48198362896319935,0.10988736015997791,-0.025597541953082725,0.026262667300455678
2020-08-01,243,60669.82596910298,M08,11.013201752448678,0.02677187071711451,11338.777783017671,9.335983792197801,-0.010869404050060538,0.05987422039010134,777.9054114560619,22.093592202103192,2.0086082979446904,-0.046132896127986545,0.12390769841629279,0.04784309435859457,0.10725779550619474
2020-09-01,244,65323.910387482276,M09,11.08711341037955,0.0739116579308714,11423.082663367637,9.343391382280261,0.007407590082459947,0.059116725195492756,847.6094839153357,24.43898157670842,2.0554782800271516,-0.012732152414403952,0.08581507779013275,0.10089184221255287,0.023066467364383447
2020-10-01,245,67554.47158197372,M10,11.120689537821779,0.033576127442229264,11783.674822482675,9.374470362928276,0.031078980648015175,0.12018694790707134,862.7904723980836,25.16108516957132,2.0600475992594283,0.7095345471342434,0.017751856328112048,0.029119098560498102,0.0022205284300539363
2020-11-01,246,66188.34565088234,M11,11.100259678857155,-0.020429858964623904,11744.005141224785,9.37109818862879,-0.003372174299485664,0.18170970389252075,923.9152141998018,24.479662086812425,1.8970402113353404,0.4133619503573758,0.06844843610751905,-0.027455907742642616,-0.08243420091276465
2020-12-01,247,68074.98530939526,M12,11.128365101741647,0.028105422884491915,11920.60500703881,9.386023694955378,0.014925506326587623,0.2160422190540678,912.2223046231945,24.921293793973547,1.7848342237218184,0.17306346706935893,-0.012736592467313734,0.01787995656220387,-0.06096934900417483
2021-01-01,248,69898.27214847445,M01,11.15479620901044,0.026431107268793497,11346.135090060621,9.336632444219706,-0.04939125073567219,0.2490827014329245,879.3981155117378,24.86281451227509,1.769182817509119,0.14231112842083204,-0.0366460016207899,-0.0023493163013270646,-0.008807784100919869
2021-02-01,249,70362.53783190738,M02,11.161416267443586,0.00662005843314617,11640.542699174453,9.362249343838998,0.025616899619292255,0.3072093905193064,844.810945341708,24.336522234849458,1.630191822354317,0.2097445933139186,-0.04012484481767675,-0.021395099525327588,-0.08182006463269753
2021-03-01,250,72231.38458197337,M03,11.187629919931823,0.02621365248823615,12560.818098657894,9.438337573144445,0.07608822930544612,0.21005142554983458,845.7857275937479,24.40519359256185,1.5483297128104119,-0.38017718459400074,0.001153181448502849,0.0028177671624041167,-0.05152094506121957
2021-04-01,251,67902.83776245172,M04,11.125833105934912,-0.06179681399691006,12133.413582104524,9.403718378844564,-0.03461919429988036,0.13130184256970087,779.3302673388632,23.295634247626293,1.6099192083136067,-0.4698535698184565,-0.08183113121869567,-0.04652999013458459,0.03900725130620236
2021-05-01,252,66351.86849460824,M05,11.102727200548586,-0.023105905386326953,11992.432011882449,9.392031064140424,-0.011687314704140306,0.10039103383398115,700.6282480644238,21.74026165589092,1.5464724794457891,-0.2684259156632347,-0.10645748946305567,-0.06910005435875011,-0.04020747896031385
2021-06-01,253,65798.39325137303,M06,11.094350698343126,-0.008376502205459602,11965.91281931099,9.3898172882232,-0.0022137759172231597,0.0763845202246032,655.7906036968809,20.842978906137635,1.6673190659487285,-0.27329283804523463,-0.06613589346166382,-0.04214876888697727,0.07524046913747873
2021-07-01,254,65103.78490455353,M07,11.083737966361499,-0.010612731981627377,12309.82164902158,9.418152730773102,0.028335442549900947,0.04255044781073079,742.3084130794898,20.246570009776498,1.8290025383568587,-0.5850896814765942,0.12392327155213234,-0.02903175145071435,0.09255377050365143
2021-08-01,255,67318.58243546772,M08,11.117191590974716,0.03345362461321777,12163.166246156272,9.406167503711846,-0.011985227061256154,0.050385634417770504,793.7097432918347,22.41499915637069,2.0945999643402913,0.16901572374921026,0.06695302394915892,0.10174494299808456,0.13559183008591902
2021-09-01,256,70113.73912637307,M09,11.157874047062068,0.040682456087351326,11878.900613385404,9.382519047673632,-0.023648456038213084,0.08851662177315613,858.8886111147172,24.7034071135608,2.0536276533461475,0.5634842479696656,0.07892140902603284,0.09721083397080177,-0.01975477105828194
2021-10-01,257,66971.17831584427,M10,11.112017631431172,-0.0458564156308956,11877.179752132419,9.38237417013243,-0.00014487754120295904,0.2026165060088452,842.5261630661097,24.0965184931735,1.9875801813526386,0.8281247083938668,-0.019234525005376923,-0.024873804744420802,-0.03268990672249705
2021-11-01,258,70279.06434303972,M11,11.160229228937506,0.048211597506334414,12005.971635922739,9.393159441317138,0.010785271184708733,0.24111320085650328,886.5696425366198,24.196878902478467,1.8295836578833715,0.1739514768892696,0.05095496558087387,0.004156284676241739,-0.08282947793573625
2021-12-01,259,70085.32784742906,M12,11.157468747940666,-0.002760480996840897,12052.24631511439,9.397006337737528,0.0038468964203897116,0.30324094123506323,870.9266117601312,24.5036953795638,1.8006519229434297,0.22926113880356236,-0.017801965558036592,0.012600284122431304,-0.015939652871797994
